日期,西德州,杜拜,北海布蘭特,匯率
2020/01/02,61.14,65.41,67.43,30.114
2020/01/03,62.97,67.95,69.72,30.105
2020/01/06,63.24,68.16,69.82,30.110
2020/01/07,62.67,69.35,70.51,30.082
2020/01/08,59.62,65.44,66.57,30.087
2020/01/09,59.53,65.18,66.43,30.008
2020/01/10,58.99,65.04,66.23,30.019
2020/01/13,58.14,64.32,64.28,29.952
2020/01/14,58.31,64.34,64.24,29.942
2020/01/15,57.81,64.23,63.75,29.950
2020/01/16,58.52,64.49,64.65,29.955
2020/01/17,58.55,64.16,64.34,29.960
2020/01/20,N/A,64.56,64.74,29.960
2020/01/21,58.25,63.97,63.58,29.998
2020/01/22,56.76,62.44,61.55,30.006
2020/01/23,55.46,61.81,61.69,N/A
2020/01/24,54.04,60.12,59.60,N/A
2020/01/27,53.06,58.43,58.55,N/A
2020/01/28,53.30,58.73,59.26,N/A
2020/01/29,53.26,58.41,59.06,N/A
2020/01/30,52.14,57.85,58.02,30.277
2020/01/31,51.53,55.93,57.83,30.250
2020/02/03,50.01,53.31,53.50,30.332
2020/02/04,49.54,52.68,52.98,30.207
2020/02/05,50.82,55.12,55.20,30.152
2020/02/06,50.89,54.74,55.42,30.082
2020/02/07,50.29,53.51,53.95,30.126
2020/02/10,49.54,52.15,53.19,30.102
2020/02/11,49.95,52.83,54.05,30.068
2020/02/12,51.08,55.42,56.27,30.032
2020/02/13,51.36,55.47,56.64,30.037
2020/02/14,51.98,55.94,57.53,30.051
2020/02/17,N/A,55.89,57.81,30.056
2020/02/18,52.05,55.93,58.03,30.125
2020/02/19,53.26,57.90,59.77,30.152
2020/02/20,53.72,57.42,59.27,30.254
2020/02/21,53.31,56.70,58.95,30.403
2020/02/24,51.33,54.47,56.62,30.472
2020/02/25,49.76,53.17,55.55,30.402
2020/02/26,48.64,51.61,53.61,30.383
2020/02/27,47.12,49.69,52.20,30.330
2020/02/28,44.78,49.43,51.66,N/A
2020/03/02,46.73,51.80,53.71,30.124
2020/03/03,47.22,51.03,51.71,30.087
2020/03/04,46.73,51.29,51.76,30.038
2020/03/05,45.85,50.14,50.34,29.960
2020/03/06,41.09,44.54,45.41,30.040
2020/03/09,31.00,33.62,34.36,30.130
2020/03/10,34.42,35.49,35.94,30.036
2020/03/11,33.08,35.02,34.95,30.095
2020/03/12,31.51,31.92,30.95,30.150
2020/03/13,31.67,33.30,32.78,30.210
2020/03/16,28.91,30.44,28.30,30.220
2020/03/17,26.91,29.34,26.98,30.250
2020/03/18,20.43,28.52,24.92,30.276
2020/03/19,25.04,28.36,25.32,30.506
2020/03/20,19.43,26.40,24.14,30.302
2020/03/23,23.28,27.38,24.88,30.405
2020/03/24,20.78,27.88,25.25,30.316
2020/03/25,20.25,26.67,25.05,30.325
2020/03/26,15.85,26.29,23.78,30.306
2020/03/27,14.73,24.66,22.18,30.236
2020/03/30,13.35,23.75,19.37,30.250
2020/03/31,20.46,26.55,14.73,30.254
2020/04/01,20.23,24.44,15.55,30.308
2020/04/02,25.13,27.88,19.89,N/A
2020/04/03,28.31,33.76,24.29,N/A
2020/04/06,26.16,33.18,22.69,30.231
2020/04/07,23.49,31.98,22.48,30.152
2020/04/08,24.92,31.27,25.97,30.160
2020/04/09,22.85,28.81,20.19,30.152
2020/04/13,22.31,30.65,N/A,30.120
2020/04/14,20.10,26.71,22.24,30.071
2020/04/15,19.91,24.67,20.10,30.031
2020/04/16,19.77,26.44,19.50,30.120
2020/04/17,18.26,26.98,19.66,30.102
2020/04/20,-37.03,25.22,18.15,30.072
2020/04/21,8.86,18.30,11.33,30.102
2020/04/22,13.59,20.68,14.24,30.100
2020/04/23,14.81,21.73,15.23,30.072
2020/04/24,15.49,21.87,16.20,30.080
2020/04/27,11.97,21.21,15.02,30.025
2020/04/28,11.90,21.57,16.08,30.036
2020/04/29,14.54,24.17,17.84,29.951
2020/04/30,18.73,29.13,17.71,29.802
2020/05/01,19.22,27.02,18.71,N/A
2020/05/04,19.97,28.21,21.13,29.900
2020/05/05,24.06,31.93,26.49,29.880
2020/05/06,23.38,29.72,24.33,29.910
2020/05/07,23.18,29.80,24.07,29.950
2020/05/08,24.23,31.10,24.07,29.902
2020/05/11,23.52,30.19,26.03,29.861
2020/05/12,25.26,29.38,26.17,29.920
2020/05/13,24.87,30.05,28.24,29.906
2020/05/14,26.90,32.46,29.68,29.948
2020/05/15,28.94,32.79,31.18,29.950
2020/05/18,31.33,35.49,34.08,29.980
2020/05/19,31.80,34.12,32.96,29.950
2020/05/20,33.06,35.25,34.80,29.960
2020/05/21,34.15,35.88,34.59,29.950
2020/05/22,33.34,35.40,33.79,30.009
2020/05/25,N/A,35.89,N/A,30.076
2020/05/26,34.60,36.10,33.76,29.988
2020/05/27,32.75,34.11,32.29,30.030
2020/05/28,33.62,35.74,34.12,30.045
2020/05/29,35.52,37.64,35.85,30.032
2020/06/01,35.44,37.76,37.02,29.952
2020/06/02,36.83,39.12,37.70,29.998
2020/06/03,37.28,37.91,37.65,29.905
2020/06/04,37.37,39.22,38.29,29.926
2020/06/05,39.44,41.28,40.82,29.839
2020/06/08,38.12,40.57,39.65,29.811
2020/06/09,38.93,39.71,40.17,29.803
2020/06/10,39.49,40.20,40.84,29.716
2020/06/11,36.38,37.79,37.48,29.733
2020/06/12,36.19,38.16,38.82,29.762
2020/06/15,37.02,38.94,39.62,29.770
2020/06/16,38.21,39.17,40.62,29.704
2020/06/17,37.86,39.31,40.34,29.682
2020/06/18,38.74,40.91,41.70,29.655
2020/06/19,39.67,41.25,42.04,29.660
2020/06/22,40.55,42.46,43.14,29.660
2020/06/23,40.35,41.80,42.45,29.635
2020/06/24,37.81,39.93,40.39,29.640
2020/06/25,38.56,41.04,41.47,N/A
2020/06/26,38.48,40.61,40.61,N/A
2020/06/29,39.62,41.48,41.58,29.625
2020/06/30,39.22,41.61,41.49,29.660
2020/07/01,39.83,41.46,42.29,29.612
2020/07/02,40.52,42.26,43.02,29.586
2020/07/03,N/A,42.09,42.91,29.609
2020/07/06,40.46,42.31,42.83,29.551
2020/07/07,40.54,42.09,43.22,29.580
2020/07/08,40.86,42.75,43.72,29.606
2020/07/09,39.59,42.01,42.31,29.581
2020/07/10,40.51,42.95,43.15,29.613
2020/07/13,40.01,42.03,42.32,29.584
2020/07/14,40.25,42.96,43.21,29.595
2020/07/15,41.15,43.21,43.88,29.582
2020/07/16,40.69,42.51,43.72,29.596
2020/07/17,40.50,42.03,43.49,29.593
2020/07/20,40.78,42.06,43.17,29.565
2020/07/21,41.71,43.29,43.95,29.553
2020/07/22,41.83,43.77,43.96,29.527
2020/07/23,40.97,42.80,43.02,29.536
2020/07/24,41.21,42.71,43.36,29.556
2020/07/27,41.41,42.65,43.34,29.507
2020/07/28,40.84,42.44,43.08,29.502
2020/07/29,41.08,42.90,43.49,29.501
2020/07/30,39.80,42.64,43.32,29.521
2020/07/31,40.05,43.11,43.12,29.502
2020/08/03,40.78,42.97,43.52,29.531
2020/08/04,41.62,43.24,43.95,29.539
2020/08/05,42.20,43.94,45.02,29.506
2020/08/06,41.88,43.86,45.06,29.503
2020/08/07,41.11,43.20,44.40,29.514
2020/08/10,41.89,43.84,44.15,29.520
2020/08/11,41.48,43.46,43.65,29.531
2020/08/12,42.55,43.92,45.01,29.540
2020/08/13,42.21,43.58,45.01,29.536
2020/08/14,42.00,43.18,44.96,29.542
2020/08/17,42.84,43.73,44.83,29.526
2020/08/18,42.84,43.72,44.88,29.518
2020/08/19,42.86,43.79,45.08,29.508
2020/08/20,42.54,43.60,44.45,29.522
2020/08/21,42.27,43.48,43.84,29.512
2020/08/24,42.39,44.15,44.33,29.517
2020/08/25,43.12,45.14,46.20,29.507
2020/08/26,43.16,44.83,45.93,29.515
2020/08/27,42.83,44.29,44.86,29.510
2020/08/28,42.91,44.71,45.39,29.521
2020/08/31,42.56,44.54,N/A,29.526
2020/09/01,42.71,45.15,45.90,29.521
2020/09/02,42.71,43.95,42.65,29.526
2020/09/03,41.34,43.31,42.67,29.531
2020/09/04,39.64,42.08,40.88,29.537
2020/09/07,41.34,41.46,40.66,29.524
2020/09/08,36.82,38.58,38.51,29.505
2020/09/09,38.00,39.73,39.83,29.530
2020/09/10,37.20,39.04,38.93,29.519
2020/09/11,37.28,38.93,38.90,29.506
2020/09/14,37.18,38.87,38.68,29.486
2020/09/15,38.24,40.15,39.66,29.380
2020/09/16,40.12,41.95,41.31,29.308
2020/09/17,40.94,42.87,42.27,29.310
2020/09/18,41.04,42.87,42.08,29.152
2020/09/21,39.21,41.40,40.61,29.158
2020/09/22,39.50,41.29,40.88,29.202
2020/09/23,39.87,41.12,40.81,29.216
2020/09/24,40.06,41.66,41.07,29.318
2020/09/25,40.01,41.84,40.78,29.275
2020/09/28,40.42,42.21,41.62,29.220
2020/09/29,38.98,40.42,40.13,29.151
2020/09/30,40.00,40.58,40.29,29.126
2020/10/01,38.46,39.94,39.54,N/A
2020/10/02,36.85,38.51,37.63,N/A
2020/10/05,39.07,40.95,39.99,29.020
2020/10/06,40.47,41.20,40.45,28.960
2020/10/07,39.77,41.26,40.76,28.965
2020/10/08,40.99,42.68,42.10,28.966
2020/10/09,40.39,42.08,41.54,N/A
2020/10/12,39.17,41.07,40.62,28.909
2020/10/13,39.98,41.64,41.36,28.920
2020/10/14,40.81,42.64,41.95,28.952
2020/10/15,40.79,42.26,41.42,28.960
2020/10/16,40.65,42.05,41.28,28.970
2020/10/19,40.64,41.67,41.12,28.950
2020/10/20,41.32,41.96,41.27,28.932
2020/10/21,39.83,40.92,40.05,28.892
2020/10/22,40.36,41.64,41.25,28.903
2020/10/23,39.63,41.03,40.51,28.917
2020/10/26,38.37,40.02,39.06,28.902
2020/10/27,39.32,39.80,39.23,28.872
2020/10/28,37.25,38.85,37.69,28.906
2020/10/29,35.92,37.36,36.36,28.914
2020/10/30,35.62,37.45,36.29,28.925
2020/11/02,36.58,38.78,37.55,28.909
2020/11/03,37.42,40.21,38.64,28.920
2020/11/04,38.95,40.59,39.63,29.006
2020/11/05,38.54,39.98,39.38,28.874
2020/11/06,36.95,38.98,38.20,28.876
2020/11/09,40.03,41.37,40.59,28.825
2020/11/10,41.16,43.44,42.67,28.856
2020/11/11,41.21,43.54,42.49,28.830
2020/11/12,40.88,42.59,41.94,28.860
2020/11/13,39.91,42.28,41.38,28.847
2020/11/16,41.12,43.48,42.81,28.810
2020/11/17,41.22,43.16,42.56,28.815
2020/11/18,41.62,43.58,42.68,28.758
2020/11/19,41.55,43.59,43.05,28.818
2020/11/20,41.97,44.57,44.05,28.820
2020/11/23,42.89,45.37,44.73,28.803
2020/11/24,44.68,47.06,46.67,28.831
2020/11/25,45.55,48.22,47.55,28.816
2020/11/26,N/A,47.32,46.31,28.811
2020/11/27,45.55,47.81,46.87,28.811
2020/11/30,45.15,46.98,47.00,28.824
2020/12/01,44.49,46.31,46.86,28.837
2020/12/02,45.18,47.09,47.52,28.766
2020/12/03,45.60,47.96,48.47,28.668
2020/12/04,46.18,48.42,48.88,28.521
2020/12/07,45.67,47.94,48.51,28.534
2020/12/08,45.59,47.94,48.80,28.516
2020/12/09,45.43,48.27,48.95,28.510
2020/12/10,46.71,49.87,50.51,28.506
2020/12/11,46.54,49.31,50.10,28.440
2020/12/14,46.97,49.78,50.31,28.450
2020/12/15,47.53,50.56,50.72,28.460
2020/12/16,47.81,50.93,50.88,28.476
2020/12/17,48.29,50.86,51.19,28.481
2020/12/18,48.99,51.68,52.33,28.489
2020/12/21,47.74,50.24,50.53,28.517
2020/12/22,46.97,49.26,49.64,28.545
2020/12/23,47.89,50.70,51.00,28.555
2020/12/24,48.16,50.76,50.87,28.533
2020/12/28,47.47,50.51,N/A,28.525
2020/12/29,47.82,50.53,50.49,28.515
2020/12/30,48.21,50.75,50.75,28.507
2020/12/31,48.32,51.18,51.15,28.508
2021/01/04,47.44,50.26,49.97,28.424
2021/01/05,49.75,52.80,53.15,28.402
2021/01/06,50.42,53.79,53.72,28.407
2021/01/07,50.60,54.30,53.84,28.429
2021/01/08,52.11,55.51,55.88,28.457
2021/01/11,52.12,55.25,54.84,28.485
2021/01/12,53.05,56.24,56.16,28.481
2021/01/13,52.78,55.37,55.34,28.445
2021/01/14,53.44,55.99,55.81,28.467
2021/01/15,52.22,54.64,54.68,28.480
2021/01/18,N/A,54.47,54.29,28.490
2021/01/19,52.84,55.82,55.42,28.471
2021/01/20,53.13,55.44,55.25,28.415
2021/01/21,52.97,55.65,55.73,28.373
2021/01/22,52.23,55.10,54.98,28.381
2021/01/25,52.75,55.60,55.46,28.391
2021/01/26,52.58,55.49,55.42,28.410
2021/01/27,52.78,54.96,54.83,28.380
2021/01/28,52.23,54.72,54.78,28.422
2021/01/29,52.13,54.76,54.90,28.412
2021/02/01,53.52,56.00,56.26,28.385
2021/02/02,54.74,57.36,58.01,28.387
2021/02/03,55.64,58.28,58.81,28.377
2021/02/04,56.16,58.72,59.27,28.382
2021/02/05,56.77,59.01,59.73,28.390
2021/02/08,57.92,60.41,60.26,28.390
2021/02/09,58.31,60.62,60.94,28.390
2021/02/10,58.66,60.50,60.79,N/A
2021/02/11,58.19,60.29,60.83,N/A
2021/02/12,59.47,61.96,62.69,N/A
2021/02/15,N/A,62.42,63.71,N/A
2021/02/16,60.04,62.63,64.11,N/A
2021/02/17,61.06,63.67,65.56,28.380
2021/02/18,60.37,62.02,63.71,28.330
2021/02/19,59.09,61.36,62.82,28.338
2021/02/22,61.64,63.50,65.28,28.336
2021/02/23,61.63,62.92,64.89,28.302
2021/02/24,63.19,65.55,67.11,28.306
2021/02/25,63.42,65.13,66.96,28.256
2021/02/26,61.51,64.64,65.34,28.306
2021/03/01,60.50,62.16,64.28,N/A
2021/03/02,59.66,61.00,63.06,28.319
2021/03/03,61.29,62.59,64.58,28.258
2021/03/04,63.77,65.80,67.85,28.266
2021/03/05,66.04,68.00,70.28,28.276
2021/03/08,64.99,66.69,67.91,28.303
2021/03/09,63.98,65.88,66.83,28.390
2021/03/10,64.41,66.38,67.80,28.326
2021/03/11,65.98,67.97,69.35,28.241
2021/03/12,65.55,67.86,68.90,28.187
2021/03/15,65.32,67.28,68.71,28.243
2021/03/16,64.78,66.95,68.09,28.263
2021/03/17,64.51,66.23,67.39,28.302
2021/03/18,59.91,61.34,62.16,28.306
2021/03/19,61.39,63.30,63.79,28.463
2021/03/22,61.44,63.32,63.69,28.492
2021/03/23,57.70,59.55,59.78,28.482
2021/03/24,61.07,62.72,63.73,28.538
2021/03/25,58.42,61.06,61.40,28.610
2021/03/26,60.88,63.59,63.61,28.602
2021/03/29,61.44,64.41,64.23,28.552
2021/03/30,60.50,63.07,63.08,28.519
2021/03/31,59.14,62.14,63.51,28.531
2021/04/01,61.36,63.11,63.76,28.533
2021/04/05,58.68,60.79,63.76,N/A
2021/04/06,59.29,60.71,61.39,28.486
2021/04/07,59.72,60.92,61.63,28.427
2021/04/08,59.56,61.36,62.25,28.430
2021/04/09,59.24,60.98,62.01,28.436
2021/04/12,59.65,61.17,62.33,28.459
2021/04/13,60.15,61.94,63.09,28.465
2021/04/14,63.10,64.25,65.78,28.435
2021/04/15,63.37,64.91,66.08,28.382
2021/04/16,63.11,64.97,65.96,28.341
2021/04/19,63.28,65.12,66.70,28.205
2021/04/20,62.56,64.17,65.02,28.138
2021/04/21,61.29,62.77,63.79,28.151
2021/04/22,61.40,63.42,65.39,28.141
2021/04/23,62.15,63.63,65.76,28.111
2021/04/26,62.00,63.16,65.58,27.959
2021/04/27,62.98,64.28,66.38,27.905
2021/04/28,63.76,65.10,66.84,27.938
2021/04/29,64.95,66.10,68.19,27.950
2021/04/30,63.45,64.69,67.72,N/A
2021/05/03,64.41,65.10,N/A,27.979
2021/05/04,65.67,67.11,69.96,27.952
2021/05/05,65.58,66.49,69.30,27.960
2021/05/06,64.68,66.19,68.82,27.990
2021/05/07,64.91,66.15,68.69,27.908
2021/05/10,64.87,66.11,68.51,27.816
2021/05/11,65.26,66.44,68.89,27.952
2021/05/12,65.91,66.73,69.40,27.955
2021/05/13,63.77,N/A,67.37,27.996
2021/05/14,65.27,66.50,69.39,28.012
2021/05/17,66.19,67.53,69.81,28.042
2021/05/18,65.44,66.50,68.81,27.952
2021/05/19,63.23,64.82,66.92,27.982
2021/05/20,61.90,63.36,65.16,28.012
2021/05/21,63.56,64.57,67.00,27.940
2021/05/24,66.11,66.67,68.61,27.950
2021/05/25,66.22,66.81,68.78,27.876
2021/05/26,66.36,N/A,68.87,27.821
2021/05/27,66.82,67.82,69.42,27.822
2021/05/28,66.26,66.75,69.35,27.767
2021/05/31,N/A,67.25,N/A,27.657
2021/06/01,67.75,68.33,69.90,27.637
2021/06/02,68.74,69.06,70.24,27.720
2021/06/03,68.76,69.09,70.80,27.704
2021/06/04,69.52,69.86,71.23,27.721
2021/06/07,69.16,69.49,70.85,27.712
2021/06/08,70.06,70.14,71.18,27.703
2021/06/09,69.85,70.27,71.14,27.767
2021/06/10,70.29,70.37,71.50,27.704
2021/06/11,70.95,70.75,71.87,27.631
2021/06/14,70.89,71.15,72.45,N/A
2021/06/15,72.01,72.26,73.70,27.652
2021/06/16,71.98,71.61,73.45,27.691
2021/06/17,71.01,70.73,72.82,27.765
2021/06/18,71.59,71.24,72.81,27.810
2021/06/21,73.59,72.35,74.95,27.952
2021/06/22,73.10,72.50,74.75,27.962
2021/06/23,73.06,73.11,75.42,28.006
2021/06/24,73.26,73.08,75.98,28.002
2021/06/25,74.16,73.66,76.26,27.907
2021/06/28,72.93,72.58,74.75,27.910
2021/06/29,73.09,73.13,75.30,27.908
2021/06/30,73.47,73.43,76.93,27.870
2021/07/01,75.28,73.26,76.51,27.904
2021/07/02,75.32,73.92,77.27,27.990
2021/07/05,N/A,74.47,78.33,27.915
2021/07/06,73.57,72.48,76.16,27.916
2021/07/07,72.17,70.94,74.27,27.993
2021/07/08,72.93,72.08,75.43,28.035
2021/07/09,74.51,73.31,77.19,28.086
2021/07/12,74.16,73.19,76.81,28.015
2021/07/13,75.19,74.07,77.38,27.997
2021/07/14,73.01,72.36,75.27,28.007
2021/07/15,71.62,70.99,74.34,27.892
2021/07/16,71.71,71.28,74.20,28.005
2021/07/19,66.40,66.69,69.46,28.052
2021/07/20,67.27,N/A,69.26,28.060
2021/07/21,70.21,70.56,72.56,28.073
2021/07/22,72.10,72.18,74.20,28.018
2021/07/23,72.19,72.88,74.91,28.028
2021/07/26,72.10,73.26,75.03,28.072
2021/07/27,71.63,73.08,75.07,28.055
2021/07/28,72.32,73.05,75.15,28.005
2021/07/29,73.57,74.32,76.14,27.945
2021/07/30,73.57,74.67,77.71,27.966
2021/08/02,71.26,71.47,74.22,27.932
2021/08/03,70.59,70.58,73.11,27.930
2021/08/04,68.14,68.80,70.89,27.833
2021/08/05,69.05,69.80,72.01,27.781
2021/08/06,68.21,68.82,70.96,27.813
2021/08/09,66.51,N/A,69.77,27.826
2021/08/10,68.23,69.42,71.33,27.831
2021/08/11,69.25,69.88,72.09,27.847
2021/08/12,69.07,70.02,71.58,27.819
2021/08/13,68.31,69.12,70.61,27.860
2021/08/16,67.39,68.30,69.98,27.848
2021/08/17,66.45,67.65,69.52,27.869
2021/08/18,65.31,65.73,67.89,27.843
2021/08/19,63.64,65.00,66.89,27.969
2021/08/20,62.20,63.53,65.33,28.008
2021/08/23,65.60,67.24,69.11,27.985
2021/08/24,67.45,69.24,71.39,27.942
2021/08/25,68.51,70.12,71.80,27.927
2021/08/26,67.40,69.51,70.79,27.937
2021/08/27,68.82,70.52,72.38,27.928
2021/08/30,69.26,71.03,N/A,27.813
2021/08/31,68.41,69.96,73.62,27.772
2021/09/01,68.61,69.29,71.73,27.742
2021/09/02,70.05,70.86,73.38,27.732
2021/09/03,69.32,70.50,72.95,27.703
2021/09/06,N/A,70.07,72.12,27.663
2021/09/07,68.47,69.45,71.30,27.673
2021/09/08,69.34,70.36,72.43,27.746
2021/09/09,68.24,69.08,71.19,27.752
2021/09/10,69.80,71.27,72.46,27.690
2021/09/13,70.52,72.11,73.11,27.720
2021/09/14,70.51,72.13,73.35,27.713
2021/09/15,72.57,73.49,74.96,27.708
2021/09/16,72.67,73.58,75.13,27.715
2021/09/17,72.07,73.17,74.75,27.736
2021/09/20,70.39,71.97,73.66,N/A
2021/09/21,70.49,72.36,73.73,N/A
2021/09/22,72.35,74.06,75.11,27.782
2021/09/23,73.41,75.14,76.57,27.773
2021/09/24,74.16,75.73,77.43,27.731
2021/09/27,75.52,77.25,78.83,27.722
2021/09/28,75.42,76.33,77.87,27.785
2021/09/29,75.04,76.35,77.66,27.820
2021/09/30,75.20,76.79,77.80,27.866
2021/10/01,75.99,76.75,79.36,27.882
2021/10/04,77.66,78.63,81.39,27.866
2021/10/05,79.15,80.31,82.68,27.907
2021/10/06,77.64,78.51,81.08,27.970
2021/10/07,78.44,80.03,82.43,27.952
2021/10/08,79.53,80.05,82.33,28.046
2021/10/11,N/A,81.30,83.79,N/A
2021/10/12,80.73,81.00,83.48,28.152
2021/10/13,80.65,81.25,83.27,28.145
2021/10/14,81.41,82.00,83.90,28.103
2021/10/15,82.37,82.81,84.72,28.027
2021/10/18,82.60,82.19,84.04,28.015
2021/10/19,83.17,82.88,85.05,27.935
2021/10/20,84.38,83.95,85.59,27.911
2021/10/21,82.62,82.40,84.67,27.912
2021/10/22,84.28,83.04,85.64,27.902
2021/10/25,84.54,83.73,84.85,27.876
2021/10/26,85.14,83.89,84.81,27.842
2021/10/27,82.61,82.11,83.74,27.827
2021/10/28,82.73,82.47,83.58,27.834
2021/10/29,83.45,82.20,83.39,27.820
2021/11/01,84.03,81.25,84.52,27.850
2021/11/02,83.86,81.49,83.96,27.850
2021/11/03,80.77,79.49,81.08,27.853
2021/11/04,78.83,79.49,80.52,27.866
2021/11/05,81.20,80.40,82.17,27.882
2021/11/08,81.91,80.88,83.51,27.842
2021/11/09,84.07,82.35,84.97,27.772
2021/11/10,81.18,80.69,82.98,27.785
2021/11/11,81.42,80.80,83.25,27.840
2021/11/12,80.82,79.93,82.67,27.836
2021/11/15,80.80,80.00,82.15,27.782
2021/11/16,80.71,80.27,82.67,27.790
2021/11/17,78.27,78.25,80.63,27.815
2021/11/18,78.87,79.11,82.27,27.803
2021/11/19,76.06,76.78,79.83,27.795
2021/11/22,76.69,77.59,80.81,27.783
2021/11/23,78.12,80.46,83.46,27.809
2021/11/24,N/A,79.85,82.37,27.793
2021/11/25,N/A,80.23,82.04,27.801
2021/11/26,N/A,70.81,72.36,27.836
2021/11/29,69.78,71.76,73.46,27.807
2021/11/30,66.04,68.41,70.83,27.810
2021/12/01,65.34,68.32,69.49,27.760
2021/12/02,66.50,69.90,71.20,27.766
2021/12/03,66.29,68.58,70.88,27.723
2021/12/06,69.52,73.30,73.91,27.741
2021/12/07,71.84,73.01,75.47,27.771
2021/12/08,72.33,73.96,76.04,27.742
2021/12/09,70.77,71.93,73.79,27.710
2021/12/10,71.61,73.79,75.03,27.737
2021/12/13,71.09,71.80,73.67,27.796
2021/12/14,70.47,71.07,73.01,27.816
2021/12/15,70.79,72.45,74.26,27.804
2021/12/16,72.24,72.76,74.23,27.817
2021/12/17,70.83,71.58,72.30,27.780
2021/12/20,68.59,70.48,71.02,27.840
2021/12/21,71.00,72.43,72.90,27.825
2021/12/22,72.72,73.90,74.93,27.820
2021/12/23,73.39,75.04,76.10,27.788
2021/12/24,N/A,N/A,74.95,27.738
2021/12/27,75.39,76.90,N/A,27.715
2021/12/28,75.96,76.86,N/A,27.685
2021/12/29,76.53,78.22,78.61,27.688
2021/12/30,76.78,78.03,78.60,27.690
2021/12/31,75.28,76.27,77.33,N/A
2022/01/03,75.94,76.91,78.33,27.632
2022/01/04,76.95,78.94,79.53,27.642
2022/01/05,77.78,78.73,80.05,27.621
2022/01/06,79.42,79.91,82.03,27.651
2022/01/07,78.95,79.59,82.32,27.690
2022/01/10,78.06,78.80,81.78,27.668
2022/01/11,81.12,81.44,84.93,27.684
2022/01/12,82.46,82.60,86.62,27.668
2022/01/13,81.92,81.93,85.62,27.648
2022/01/14,83.77,84.56,87.36,27.624
2022/01/17,N/A,84.57,87.80,27.607
2022/01/18,85.37,86.77,89.90,27.624
2022/01/19,86.79,85.78,89.05,27.651
2022/01/20,86.24,85.48,88.79,27.636
2022/01/21,85.11,85.80,88.84,27.702
2022/01/24,84.33,85.31,88.50,27.696
2022/01/25,86.51,85.85,89.03,27.717
2022/01/26,88.23,87.69,91.20,27.745
2022/01/27,87.51,88.06,91.32,27.806
2022/01/28,87.57,88.51,92.23,27.828
2022/01/31,89.06,87.01,92.34,N/A
2022/02/01,88.17,N/A,92.77,N/A
2022/02/02,88.11,N/A,91.28,N/A
2022/02/03,90.12,88.66,92.94,N/A
2022/02/04,92.22,90.49,96.29,N/A
2022/02/07,91.20,90.68,97.56,27.841
2022/02/08,89.27,88.73,96.50,27.838
2022/02/09,89.52,89.86,95.21,27.822
2022/02/10,89.78,90.67,96.42,27.825
2022/02/11,93.05,91.62,98.07,27.846
2022/02/14,95.47,93.14,100.87,27.873
2022/02/15,92.02,90.42,98.66,27.892
2022/02/16,93.78,90.07,94.65,27.892
2022/02/17,91.73,89.35,95.06,27.872
2022/02/18,91.21,90.89,96.30,27.870
2022/02/21,N/A,94.79,99.64,27.830
2022/02/22,92.06,93.71,98.68,27.880
2022/02/23,92.09,94.16,100.26,27.884
2022/02/24,92.72,98.83,101.73,28.023
2022/02/25,91.63,93.89,98.77,28.021
2022/02/28,95.98,97.69,103.07,N/A
2022/03/01,103.61,103.82,113.19,28.020
2022/03/02,110.69,105.03,120.79,28.070
2022/03/03,107.64,106.78,115.41,28.061
2022/03/04,115.72,113.87,123.58,28.115
2022/03/07,119.21,122.75,130.51,28.250
2022/03/08,123.59,123.36,134.71,28.362
2022/03/09,108.76,107.45,118.38,28.435
2022/03/10,105.88,104.07,114.56,28.345
2022/03/11,109.26,107.93,117.65,28.403
2022/03/14,103.17,101.27,111.21,28.530
2022/03/15,96.37,95.12,104.76,28.612
2022/03/16,94.80,94.97,104.48,28.625
2022/03/17,102.92,102.79,113.59,28.456
2022/03/18,104.64,104.16,114.87,28.360
2022/03/21,112.09,112.38,122.16,28.487
2022/03/22,110.98,110.82,120.84,28.543
2022/03/23,114.84,115.96,127.41,28.551
2022/03/24,113.90,114.11,122.96,28.602
2022/03/25,115.95,117.00,122.87,28.613
2022/03/28,107.30,106.79,111.54,28.755
2022/03/29,104.20,107.40,113.90,28.765
2022/03/30,107.76,110.43,114.95,28.580
2022/03/31,100.48,101.35,107.28,28.622
2022/04/01,99.27,100.01,106.50,28.705
2022/04/04,103.24,103.51,108.69,N/A
2022/04/05,101.93,100.61,105.69,N/A
2022/04/06,96.34,97.24,101.33,28.770
2022/04/07,96.00,96.85,100.61,28.828
2022/04/08,98.30,98.33,101.11,28.906
2022/04/11,94.17,95.26,98.76,29.050
2022/04/12,100.47,102.17,104.82,29.145
2022/04/13,104.21,104.70,108.54,29.086
2022/04/14,106.79,108.39,110.82,29.004
2022/04/18,108.19,108.56,N/A,29.186
2022/04/19,102.49,104.69,106.01,29.230
2022/04/20,102.51,104.38,105.46,29.249
2022/04/21,103.84,105.90,107.58,29.209
2022/04/22,102.66,104.24,104.84,29.260
2022/04/25,99.55,100.32,99.80,29.370
2022/04/26,102.52,103.09,103.54,29.310
2022/04/27,101.91,103.08,103.17,29.396
2022/04/28,105.42,105.44,105.44,29.525
2022/04/29,104.54,106.24,108.35,29.480
2022/05/02,105.13,N/A,N/A,29.480
2022/05/03,102.48,N/A,105.76,29.530
2022/05/04,107.79,106.47,110.56,29.525
2022/05/05,108.12,107.40,112.33,29.509
2022/05/06,109.67,108.21,114.61,29.660
2022/05/09,103.03,101.48,105.99,29.733
2022/05/10,99.69,97.95,101.84,29.712
2022/05/11,105.45,103.30,107.92,29.705
2022/05/12,106.10,104.49,108.45,29.823
2022/05/13,110.47,107.66,111.78,29.807
2022/05/16,114.02,110.26,114.77,29.814
2022/05/17,112.26,109.67,113.63,29.732
2022/05/18,109.62,104.81,110.05,29.710
2022/05/19,112.16,107.28,112.64,29.769
2022/05/20,112.16,109.40,113.99,29.655
2022/05/23,110.27,108.90,115.17,29.620
2022/05/24,112.45,109.89,116.00,29.622
2022/05/25,112.63,109.78,116.80,29.556
2022/05/26,115.94,112.27,120.15,29.505
2022/05/27,114.91,113.29,120.59,29.350
2022/05/30,N/A,115.23,123.00,29.144
2022/05/31,114.33,110.51,125.52,29.065
2022/06/01,115.21,109.03,121.77,29.270
2022/06/02,116.83,111.41,N/A,29.388
2022/06/03,118.92,113.42,126.95,N/A
2022/06/06,118.36,113.82,125.68,29.415
2022/06/07,119.50,114.49,127.21,29.514
2022/06/08,121.89,117.84,129.64,29.520
2022/06/09,121.47,116.71,128.44,29.526
2022/06/10,120.68,116.37,127.45,29.584
2022/06/13,120.87,116.37,128.56,29.742
2022/06/14,118.87,113.74,127.92,29.708
2022/06/15,115.27,113.97,125.53,29.740
2022/06/16,117.51,114.12,125.02,29.735
2022/06/17,109.51,108.04,119.79,29.720
2022/06/20,110.22,109.29,118.24,29.740
2022/06/21,110.44,109.47,118.82,29.715
2022/06/22,106.17,104.72,113.93,29.970
2022/06/23,105.65,104.56,114.09,29.782
2022/06/24,108.97,107.96,117.45,29.732
2022/06/27,111.24,110.51,120.30,29.612
2022/06/28,113.46,112.98,122.26,29.640
2022/06/29,111.45,111.18,120.47,29.682
2022/06/30,107.56,108.76,119.77,29.726
2022/07/01,110.10,105.93,119.11,29.755
2022/07/04,N/A,108.25,121.79,29.745
2022/07/05,101.35,99.71,112.37,29.765
2022/07/06,100.11,94.50,107.89,29.810
2022/07/07,104.42,99.14,112.74,29.790
2022/07/08,106.58,101.90,114.05,29.782
2022/07/11,105.89,N/A,114.12,29.818
2022/07/12,97.49,94.35,106.98,29.895
2022/07/13,98.24,94.71,107.17,29.855
2022/07/14,97.59,94.54,108.42,29.889
2022/07/15,99.39,97.13,112.20,29.946
2022/07/18,104.28,101.56,116.67,29.914
2022/07/19,105.92,102.36,114.92,29.902
2022/07/20,104.25,101.93,115.41,29.896
2022/07/21,98.24,99.85,112.69,29.890
2022/07/22,97.61,99.08,107.20,29.916
2022/07/25,99.33,100.23,107.88,29.908
2022/07/26,97.49,100.43,107.69,29.914
2022/07/27,99.78,102.90,110.63,29.933
2022/07/28,98.86,102.94,110.46,29.928
2022/07/29,101.06,104.36,111.50,29.938
2022/08/01,96.34,96.92,105.97,29.980
2022/08/02,96.89,96.44,105.00,29.996
2022/08/03,93.00,93.95,102.30,29.990
2022/08/04,91.04,90.16,97.48,29.994
2022/08/05,91.52,91.87,100.11,29.950
2022/08/08,93.27,93.72,103.40,29.996
2022/08/09,92.93,93.59,104.08,29.990
2022/08/10,94.43,94.60,104.68,29.997
2022/08/11,96.77,96.63,107.10,29.942
2022/08/12,94.61,95.42,103.53,29.970
2022/08/15,91.99,91.77,96.56,29.990
2022/08/16,88.98,90.12,95.85,29.994
2022/08/17,90.60,90.71,96.57,29.981
2022/08/18,92.95,94.79,96.37,29.991
2022/08/19,93.30,95.46,95.86,30.020
2022/08/22,93.17,95.54,95.29,30.095
2022/08/23,96.21,98.62,99.47,30.204
2022/08/24,95.32,100.37,100.34,30.271
2022/08/25,93.23,99.54,99.22,30.194
2022/08/26,93.53,100.12,100.64,30.218
2022/08/29,97.30,104.25,N/A,30.396
2022/08/30,91.98,99.76,100.10,30.468
2022/08/31,89.99,91.92,96.54,30.435
2022/09/01,86.99,90.18,92.04,30.531
2022/09/02,87.19,90.94,93.35,30.588
2022/09/05,N/A,93.89,94.21,30.710
2022/09/06,87.25,91.68,91.41,30.746
2022/09/07,82.40,86.54,86.49,30.928
2022/09/08,83.94,87.13,87.49,30.895
2022/09/09,87.17,91.46,91.30,N/A
2022/09/12,88.08,92.93,93.65,30.870
2022/09/13,87.74,91.81,92.34,30.890
2022/09/14,88.78,92.91,93.41,31.088
2022/09/15,85.62,89.89,89.10,31.130
2022/09/16,85.47,91.15,89.69,31.293
2022/09/19,86.05,91.17,N/A,31.350
2022/09/20,84.59,90.51,89.87,31.345
2022/09/21,83.28,89.83,90.05,31.440
2022/09/22,83.92,90.87,90.38,31.616
2022/09/23,78.97,86.49,84.83,31.665
2022/09/26,77.02,83.85,82.49,31.818
2022/09/27,78.76,85.69,85.44,31.780
2022/09/28,82.46,88.65,89.47,31.871
2022/09/29,81.63,88.93,89.61,31.847
2022/09/30,79.76,86.89,88.89,31.743
2022/10/03,83.90,87.08,90.59,31.868
2022/10/04,86.72,90.21,93.77,31.748
2022/10/05,88.07,92.26,94.76,31.568
2022/10/06,88.75,93.85,96.08,31.530
2022/10/07,92.92,96.67,99.51,31.668
2022/10/10,91.45,94.65,96.98,N/A
2022/10/11,89.60,92.08,94.68,31.867
2022/10/12,87.68,90.51,92.77,31.839
2022/10/13,89.44,92.38,95.35,31.889
2022/10/14,85.95,89.45,91.99,31.884
2022/10/17,85.85,88.97,91.34,31.997
2022/10/18,83.14,87.16,89.58,31.994
2022/10/19,85.85,88.74,91.77,32.022
2022/10/20,85.87,90.02,91.93,32.107
2022/10/21,85.32,90.97,91.95,32.188
2022/10/24,85.92,90.83,91.81,32.226
2022/10/25,86.83,90.49,91.36,32.319
2022/10/26,89.29,93.50,93.30,32.215
2022/10/27,89.01,93.31,95.11,32.108
2022/10/28,87.80,92.51,95.18,32.148
2022/10/31,86.49,88.77,93.53,32.210
2022/11/01,88.31,90.73,95.35,32.179
2022/11/02,90.01,90.44,96.16,32.170
2022/11/03,88.09,88.03,95.21,32.245
2022/11/04,92.53,93.36,99.61,32.185
2022/11/07,91.75,91.84,99.92,32.082
2022/11/08,88.75,89.12,96.94,32.062
2022/11/09,85.74,86.62,92.75,31.903
2022/11/10,86.47,87.53,93.86,31.905
2022/11/11,89.09,90.47,96.05,31.410
2022/11/14,85.80,87.06,92.98,31.116
2022/11/15,86.82,87.49,94.25,31.105
2022/11/16,85.57,86.34,92.33,31.115
2022/11/17,81.64,84.17,91.16,31.158
2022/11/18,80.02,81.85,89.21,31.170
2022/11/21,79.69,80.59,88.59,31.210
2022/11/22,80.78,80.98,88.61,31.213
2022/11/23,77.88,76.94,85.09,31.218
2022/11/24,N/A,77.28,84.84,31.027
2022/11/25,76.35,77.09,83.27,30.905
2022/11/28,77.00,75.71,82.89,31.012
2022/11/29,77.86,78.02,83.68,30.952
2022/11/30,80.38,79.24,85.60,30.902
2022/12/01,80.96,80.74,86.45,30.633
2022/12/02,79.76,79.74,86.45,30.605
2022/12/05,76.73,77.09,83.50,30.455
2022/12/06,74.11,73.84,79.37,30.638
2022/12/07,71.83,71.81,77.22,30.662
2022/12/08,71.20,70.97,76.36,30.685
2022/12/09,70.95,71.24,76.88,30.622
2022/12/12,72.86,73.60,78.26,30.714
2022/12/13,75.34,75.99,80.09,30.724
2022/12/14,77.04,78.25,83.58,30.582
2022/12/15,75.79,76.98,82.59,30.625
2022/12/16,74.09,75.68,80.41,30.710
2022/12/19,74.95,76.20,82.05,30.740
2022/12/20,75.82,76.06,79.15,30.720
2022/12/21,78.07,78.40,80.26,30.709
2022/12/22,77.53,78.11,80.32,30.680
2022/12/23,79.47,80.49,82.43,30.712
2022/12/26,N/A,81.81,N/A,30.708
2022/12/27,79.35,80.93,83.06,30.691
2022/12/28,78.79,79.59,81.54,30.715
2022/12/29,78.38,79.03,80.95,30.732
2022/12/30,80.11,81.17,83.04,30.708
2023/01/03,76.82,77.95,80.57,30.698
2023/01/04,72.77,74.06,75.54,30.714
2023/01/05,73.56,74.88,76.88,30.710
2023/01/06,73.72,74.52,76.34,30.712
2023/01/09,74.64,76.23,77.59,30.520
2023/01/10,75.06,76.16,77.95,30.463
2023/01/11,77.41,79.74,81.63,30.435
2023/01/12,78.27,80.69,82.39,30.458
2023/01/13,79.85,82.29,83.62,30.387
2023/01/16,N/A,81.73,82.52,30.268
2023/01/17,80.20,84.45,85.04,30.315
2023/01/18,79.48,82.04,83.34,30.333
2023/01/19,80.26,83.93,85.34,30.368
2023/01/20,81.22,85.44,86.97,N/A
2023/01/23,81.57,N/A,87.42,N/A
2023/01/24,79.76,83.69,85.42,N/A
2023/01/25,79.68,83.86,85.04,N/A
2023/01/26,80.54,84.39,86.49,N/A
2023/01/27,79.68,83.36,85.09,N/A
2023/01/30,77.92,81.64,84.60,30.137
2023/01/31,78.90,83.22,83.04,30.052
2023/02/01,76.29,80.37,81.89,29.965
2023/02/02,75.82,79.72,80.62,29.700
2023/02/03,73.35,76.88,78.74,29.720
2023/02/06,74.06,78.65,80.67,29.984
2023/02/07,77.12,81.58,83.22,30.043
2023/02/08,78.42,82.47,84.24,30.060
2023/02/09,77.99,81.92,83.06,30.068
2023/02/10,79.69,83.87,85.65,30.136
2023/02/13,80.09,83.92,85.22,30.238
2023/02/14,79.03,83.65,84.58,30.215
2023/02/15,78.52,83.36,84.17,30.308
2023/02/16,78.40,82.54,83.35,30.280
2023/02/17,76.26,85.02,82.08,30.404
2023/02/20,N/A,82.14,82.59,30.371
2023/02/21,76.23,81.13,81.88,30.415
2023/02/22,73.90,79.04,79.44,30.504
2023/02/23,75.16,81.19,82.32,30.405
2023/02/24,76.09,82.05,82.37,30.480
2023/02/27,75.57,81.08,81.23,N/A
2023/02/28,76.88,81.95,83.20,N/A
2023/03/01,77.57,82.32,83.79,30.588
2023/03/02,78.05,82.78,83.72,30.630
2023/03/03,79.62,84.22,85.85,30.627
2023/03/06,80.39,84.39,85.92,30.576
2023/03/07,77.45,81.11,82.89,30.594
2023/03/08,76.56,81.16,81.78,30.790
2023/03/09,75.60,80.27,80.94,30.810
2023/03/10,76.55,81.70,82.19,30.848
2023/03/13,74.68,79.99,80.15,30.651
2023/03/14,71.18,76.87,76.96,30.620
2023/03/15,67.38,73.30,73.75,30.592
2023/03/16,68.15,74.05,73.30,30.631
2023/03/17,66.61,72.66,70.95,30.554
2023/03/20,67.56,73.30,72.48,30.593
2023/03/21,69.40,74.75,74.73,30.563
2023/03/22,70.71,75.74,75.33,30.526
2023/03/23,69.67,75.33,74.51,30.372
2023/03/24,69.02,74.56,73.47,30.353
2023/03/27,72.62,77.69,76.87,30.372
2023/03/28,73.07,78.45,78.30,30.385
2023/03/29,72.90,77.35,77.53,30.455
2023/03/30,74.27,78.54,78.44,30.461
2023/03/31,75.63,80.29,79.55,30.454
2023/04/03,80.35,84.67,85.66,N/A
2023/04/04,80.65,84.83,86.04,N/A
2023/04/05,80.64,84.84,85.71,N/A
2023/04/06,N/A,85.14,86.35,30.528
2023/04/10,79.74,84.40,85.61,30.452
2023/04/11,81.49,85.53,87.29,30.475
2023/04/12,83.21,87.27,88.24,30.505
2023/04/13,82.11,86.63,86.72,30.496
2023/04/14,82.53,86.29,87.57,30.465
2023/04/17,80.88,84.96,85.59,30.494
2023/04/18,80.80,84.86,85.58,30.527
2023/04/19,79.13,82.81,85.05,30.562
2023/04/20,77.22,80.48,83.28,30.612
2023/04/21,77.81,81.51,83.42,30.622
2023/04/24,78.64,82.30,84.05,30.645
2023/04/25,76.95,80.68,82.09,30.680
2023/04/26,74.23,77.54,79.27,30.725
2023/04/27,74.72,78.08,79.98,30.710
2023/04/28,76.73,80.20,81.31,30.740
2023/05/01,75.60,N/A,N/A,N/A
2023/05/02,71.66,74.65,76.58,30.782
2023/05/03,68.57,69.52,72.48,30.746
2023/05/04,68.47,72.28,73.07,30.666
2023/05/05,71.27,74.77,75.92,30.641
2023/05/08,73.08,76.36,77.16,30.673
2023/05/09,73.63,76.67,77.62,30.702
2023/05/10,72.48,76.04,76.90,30.729
2023/05/11,70.76,74.88,75.81,30.738
2023/05/12,69.97,73.18,74.58,30.758
2023/05/15,71.02,74.43,75.81,30.813
2023/05/16,70.80,73.65,74.99,30.805
2023/05/17,72.73,75.56,76.80,30.817
2023/05/18,71.77,74.82,75.86,30.766
2023/05/19,71.52,74.45,75.40,30.682
2023/05/22,71.76,74.83,76.00,30.677
2023/05/23,72.82,76.33,77.35,30.748
2023/05/24,74.32,76.99,77.94,30.794
2023/05/25,71.58,75.14,75.62,30.790
2023/05/26,72.25,75.89,76.54,30.748
2023/05/29,N/A,76.05,N/A,30.652
2023/05/30,69.40,72.53,73.51,30.660
2023/05/31,68.06,70.74,72.59,30.766
2023/06/01,70.04,72.91,74.23,30.740
2023/06/02,71.71,N/A,76.31,30.655
2023/06/05,72.09,75.09,76.49,30.695
2023/06/06,71.66,75.50,76.09,30.728
2023/06/07,72.47,76.24,76.72,30.712
2023/06/08,71.23,75.25,75.47,30.760
2023/06/09,70.11,74.32,74.99,30.725
2023/06/12,67.03,71.69,72.08,30.754
2023/06/13,69.34,73.63,74.16,30.716
2023/06/14,68.17,73.41,73.81,30.720
2023/06/15,70.56,75.35,75.72,30.724
2023/06/16,71.76,76.49,76.33,30.708
2023/06/19,N/A,75.97,76.08,30.796
2023/06/20,70.89,75.68,75.31,30.890
2023/06/21,72.50,77.24,76.82,30.920
2023/06/22,69.12,74.24,74.02,N/A
2023/06/23,68.81,74.18,74.09,N/A
2023/06/26,68.99,74.67,74.03,31.017
2023/06/27,67.63,73.06,72.32,31.030
2023/06/28,69.49,74.40,73.18,31.072
2023/06/29,69.80,N/A,73.84,31.078
2023/06/30,70.61,76.07,74.46,31.135
2023/07/03,69.66,75.19,74.83,31.131
2023/07/04,N/A,76.08,76.22,31.116
2023/07/05,71.73,76.87,76.60,31.152
2023/07/06,71.71,76.98,76.73,31.220
2023/07/07,73.86,78.94,78.39,31.330
2023/07/10,73.00,77.83,77.88,31.385
2023/07/11,74.82,79.58,79.44,31.320
2023/07/12,75.72,80.26,80.43,31.238
2023/07/13,76.81,81.84,81.49,31.086
2023/07/14,75.39,80.38,79.65,30.893
2023/07/17,74.12,79.15,77.88,31.052
2023/07/18,75.71,80.58,79.74,30.996
2023/07/19,75.35,80.37,79.46,31.063
2023/07/20,75.60,80.63,79.59,31.077
2023/07/21,77.01,82.24,80.89,31.240
2023/07/24,78.71,84.02,82.57,31.352
2023/07/25,79.61,84.51,82.99,31.306
2023/07/26,78.96,84.25,83.04,31.252
2023/07/27,80.12,84.70,83.95,31.238
2023/07/28,80.50,85.57,84.25,31.390
2023/07/31,81.75,86.44,85.21,31.430
2023/08/01,81.32,86.32,86.11,31.518
2023/08/02,79.45,83.96,84.16,31.625
2023/08/03,81.51,86.14,86.28,N/A
2023/08/04,82.71,86.72,87.35,31.691
2023/08/07,81.89,86.96,87.04,31.670
2023/08/08,82.89,87.18,87.97,31.810
2023/08/09,84.30,N/A,89.28,31.750
2023/08/10,82.76,87.44,87.36,31.762
2023/08/11,83.12,87.89,87.91,31.798
2023/08/14,82.45,86.93,87.51,31.924
2023/08/15,81.01,85.59,86.36,31.935
2023/08/16,79.35,84.08,84.37,31.895
2023/08/17,80.38,84.59,84.98,31.974
2023/08/18,81.20,85.56,85.96,31.942
2023/08/21,80.66,85.41,85.56,31.965
2023/08/22,80.20,85.28,84.56,31.938
2023/08/23,78.86,84.41,83.76,31.926
2023/08/24,79.27,85.01,83.95,31.795
2023/08/25,80.32,85.79,85.75,31.850
2023/08/28,80.50,85.64,N/A,31.874
2023/08/29,81.09,87.41,86.43,31.884
2023/08/30,81.59,86.82,86.67,31.856
2023/08/31,83.50,89.12,88.07,31.854
2023/09/01,85.47,89.65,90.40,31.861
2023/09/04,N/A,89.77,90.41,31.880
2023/09/05,86.69,91.08,91.26,31.895
2023/09/06,87.50,91.62,91.84,31.967
2023/09/07,86.82,90.77,90.97,31.995
2023/09/08,87.46,91.66,91.65,32.008
2023/09/11,87.25,91.65,91.94,31.980
2023/09/12,88.82,93.03,93.45,32.032
2023/09/13,88.54,93.19,93.27,31.968
2023/09/14,90.08,95.23,95.45,31.910
2023/09/15,90.78,95.16,95.83,31.928
2023/09/18,91.42,95.46,96.10,31.978
2023/09/19,91.15,94.95,96.02,32.002
2023/09/20,90.30,93.71,94.26,32.022
2023/09/21,89.56,94.15,93.70,32.112
2023/09/22,90.00,93.87,94.54,32.126
2023/09/25,89.68,93.99,94.12,32.148
2023/09/26,91.23,94.69,94.33,32.228
2023/09/27,93.62,96.85,97.27,32.245
2023/09/28,91.60,95.10,96.38,32.268
2023/09/29,90.72,94.00,95.85,N/A
2023/10/02,88.76,90.01,94.21,32.237
2023/10/03,89.21,90.64,94.61,32.328
2023/10/04,84.27,85.60,90.04,32.325
2023/10/05,82.25,84.18,88.39,32.261
2023/10/06,82.78,84.12,87.37,32.207
2023/10/09,N/A,88.01,91.46,N/A
2023/10/10,85.84,87.51,90.81,N/A
2023/10/11,83.65,85.61,87.08,32.122
2023/10/12,82.82,86.31,88.65,32.125
2023/10/13,87.62,90.75,94.27,32.219
2023/10/16,86.60,90.38,91.48,32.279
2023/10/17,86.61,91.53,93.23,32.295
2023/10/18,88.30,92.06,91.86,32.290
2023/10/19,89.30,93.70,93.76,32.323
2023/10/20,89.07,92.56,94.09,32.320
2023/10/23,85.44,90.84,92.52,32.348
2023/10/24,84.48,88.97,87.93,32.316
2023/10/25,85.97,90.45,90.11,32.341
2023/10/26,83.70,88.71,88.70,32.430
2023/10/27,85.94,90.21,90.78,32.425
2023/10/30,82.93,88.05,89.92,32.425
2023/10/31,81.54,86.60,86.81,32.419
2023/11/01,80.95,85.53,86.90,32.484
2023/11/02,82.94,87.52,89.07,32.364
2023/11/03,81.09,85.53,87.32,32.303
2023/11/06,81.44,86.02,87.23,32.143
2023/11/07,77.86,82.12,83.22,32.197
2023/11/08,75.75,80.57,81.66,32.248
2023/11/09,76.24,80.98,81.64,32.258
2023/11/10,N/A,82.99,83.71,32.352
2023/11/13,78.76,N/A,84.26,32.332
2023/11/14,78.80,82.84,84.04,32.330
2023/11/15,77.05,81.38,82.33,32.108
2023/11/16,73.40,78.11,77.79,32.010
2023/11/17,76.37,81.34,81.22,31.856
2023/11/20,78.00,82.92,82.94,31.658
2023/11/21,78.25,83.42,82.42,31.448
2023/11/22,76.70,82.55,81.43,31.595
2023/11/23,N/A,82.14,80.84,31.545
2023/11/24,74.73,81.26,79.81,31.628
2023/11/27,74.36,81.29,79.61,31.570
2023/11/28,75.99,82.79,81.60,31.468
2023/11/29,77.46,83.53,82.84,31.250
2023/11/30,75.56,82.50,82.59,31.260
2023/12/01,73.60,79.63,79.29,31.475
2023/12/04,72.63,78.16,78.26,31.415
2023/12/05,71.85,76.78,77.10,31.493
2023/12/06,68.88,74.47,74.41,31.505
2023/12/07,68.90,74.52,74.63,31.529
2023/12/08,70.77,76.12,75.72,31.374
2023/12/11,70.87,76.04,75.75,31.512
2023/12/12,70.95,76.41,74.11,31.509
2023/12/13,68.27,73.40,74.14,31.526
2023/12/14,69.09,73.99,77.05,31.330
2023/12/15,71.21,76.37,76.84,31.268
2023/12/18,71.05,77.24,78.89,31.314
2023/12/19,72.16,77.93,79.82,31.361
2023/12/20,73.23,79.28,81.10,31.310
2023/12/21,73.87,79.15,80.73,31.282
2023/12/22,73.59,79.61,80.23,31.203
2023/12/26,73.29,79.85,N/A,31.065
2023/12/27,75.84,81.65,80.97,30.880
2023/12/28,74.31,79.98,79.04,30.718
2023/12/29,72.02,77.92,77.69,30.735
2024/01/02,71.89,77.53,76.24,30.866
2024/01/03,70.62,76.56,77.18,31.010
2024/01/04,72.97,78.71,75.79,31.016
2024/01/05,72.38,78.17,78.31,31.025
2024/01/08,74.00,79.29,75.47,31.001
2024/01/09,71.06,76.74,77.97,31.023
2024/01/10,72.43,78.02,78.46,31.140
2024/01/11,71.57,77.43,80.21,31.103
2024/01/12,72.15,79.04,79.89,31.129
2024/01/15,N/A,78.77,79.76,31.215
2024/01/16,72.94,79.04,80.15,31.392
2024/01/17,72.63,78.31,78.88,31.589
2024/01/18,72.79,78.52,81.04,31.571
2024/01/19,74.32,79.46,80.71,31.440
2024/01/22,73.69,78.83,81.70,31.352
2024/01/23,75.26,80.37,82.04,31.328
2024/01/24,74.72,80.26,82.15,31.345
2024/01/25,75.48,80.78,82.33,31.315
2024/01/26,77.91,82.94,83.34,31.305
2024/01/29,78.45,84.31,83.99,31.253
2024/01/30,77.25,83.17,84.14,31.162
2024/01/31,78.30,83.45,82.98,31.301
2024/02/01,76.28,81.46,82.20,31.338
2024/02/02,74.36,79.75,79.54,31.243
2024/02/05,72.72,78.64,79.30,31.375
2024/02/06,73.21,78.79,80.46,31.338
2024/02/07,73.83,79.47,81.18,31.358
2024/02/08,76.67,82.65,83.01,N/A
2024/02/09,76.67,82.90,83.58,N/A
2024/02/12,77.26,N/A,83.88,N/A
2024/02/13,77.34,82.90,84.72,N/A
2024/02/14,78.28,83.68,84.41,N/A
2024/02/15,77.09,82.62,84.33,31.425
2024/02/16,78.47,83.88,84.88,31.364
2024/02/19,N/A,84.68,85.52,31.395
2024/02/20,79.65,84.50,84.78,31.492
2024/02/21,78.72,83.85,84.77,31.525
2024/02/22,78.89,84.40,85.84,31.519
2024/02/23,79.64,84.82,84.18,31.555
2024/02/26,77.60,82.94,84.01,31.550
2024/02/27,78.53,84.37,83.80,31.570
2024/02/28,79.80,84.37,84.08,N/A
2024/02/29,79.44,84.69,84.57,31.577
2024/03/01,79.22,85.04,84.82,31.606
2024/03/04,80.90,84.99,86.58,31.530
2024/03/05,79.67,84.66,85.82,31.565
2024/03/06,79.11,83.55,86.59,31.575
2024/03/07,80.08,84.61,84.88,31.536
2024/03/08,79.81,85.11,84.29,31.438
2024/03/11,78.96,83.85,83.44,31.414
2024/03/12,78.87,84.08,83.66,31.412
2024/03/13,78.51,83.97,83.95,31.460
2024/03/14,80.67,85.64,86.16,31.497
2024/03/15,82.16,86.80,85.39,31.593
2024/03/18,81.94,87.18,86.47,31.659
2024/03/19,83.68,88.78,87.36,31.772
2024/03/20,84.39,88.99,85.77,31.868
2024/03/21,82.79,88.31,84.92,31.832
2024/03/22,81.99,87.45,84.87,31.958
2024/03/25,81.10,87.31,86.18,31.865
2024/03/26,82.41,88.70,85.91,31.896
2024/03/27,82.15,87.63,84.94,31.998
2024/03/28,83.96,88.31,86.17,31.988
2024/04/01,84.54,89.45,86.50,31.979
2024/04/02,85.95,89.63,87.63,32.076
2024/04/03,86.22,91.30,90.60,32.057
2024/04/04,87.37,93.14,90.32,N/A
2024/04/05,87.69,92.93,92.81,N/A
2024/04/08,87.24,92.84,91.73,32.095
2024/04/09,86.04,91.68,92.13,32.098
2024/04/10,86.98,92.61,91.57,32.020
2024/04/11,85.79,92.25,91.49,32.211
2024/04/12,86.46,92.17,93.12,32.293
2024/04/15,86.21,92.54,90.84,32.378
2024/04/16,86.15,91.89,91.29,32.490
2024/04/17,83.58,89.18,89.54,32.478
2024/04/18,83.50,88.42,88.34,32.376
2024/04/19,83.79,89.03,87.96,32.512
2024/04/22,83.82,89.00,87.30,32.636
2024/04/23,84.17,90.40,88.29,32.593
2024/04/24,84.09,89.80,89.02,32.528
2024/04/25,84.92,91.13,88.10,32.578
2024/04/26,85.38,91.15,89.95,32.560
2024/04/29,84.26,90.21,88.44,32.558
2024/04/30,83.49,89.64,88.23,32.542
2024/05/01,80.70,85.39,83.55,N/A
2024/05/02,80.59,85.51,84.81,32.496
2024/05/03,79.65,84.33,83.60,32.376
2024/05/06,80.10,85.29,N/A,32.347
2024/05/07,79.97,84.42,82.69,32.370
2024/05/08,80.57,85.31,82.44,32.408
2024/05/09,80.86,85.88,83.27,32.460
2024/05/10,79.81,84.43,83.39,32.413
2024/05/13,80.71,85.20,83.18,32.411
2024/05/14,79.62,84.30,81.00,32.415
2024/05/15,80.23,84.65,79.98,32.312
2024/05/16,80.85,84.96,81.65,32.120
2024/05/17,81.66,85.58,82.24,32.206
2024/05/20,81.39,85.21,81.91,32.236
2024/05/21,80.66,83.84,81.22,32.294
2024/05/22,79.15,N/A,79.90,32.275
2024/05/23,77.47,82.75,79.25,32.246
2024/05/24,78.48,83.42,78.92,32.258
2024/05/27,N/A,84.38,N/A,32.187
2024/05/28,80.90,85.85,81.34,32.168
2024/05/29,80.24,84.54,81.50,32.298
2024/05/30,78.96,82.73,81.42,32.441
2024/05/31,77.97,82.58,79.41,32.420
2024/06/03,75.26,79.18,76.45,32.396
2024/06/04,74.27,78.19,75.33,32.394
2024/06/05,75.08,79.72,75.41,32.348
2024/06/06,76.52,81.06,77.62,32.280
2024/06/07,76.53,80.57,78.12,32.250
2024/06/10,78.75,82.94,79.59,N/A
2024/06/11,78.88,83.27,80.15,32.395
2024/06/12,79.56,83.64,80.52,32.386
2024/06/13,79.61,82.98,81.44,32.330
2024/06/14,79.41,83.78,81.49,32.350
2024/06/17,81.33,85.52,82.45,32.385
2024/06/18,82.67,86.76,84.79,32.397
2024/06/19,N/A,86.47,85.64,32.358
2024/06/20,83.34,86.98,85.92,32.328
2024/06/21,81.71,86.43,86.42,32.369
2024/06/24,82.63,87.56,86.75,32.395
2024/06/25,81.97,86.22,86.81,32.443
2024/06/26,82.19,86.16,85.76,32.554
2024/06/27,83.04,87.89,87.00,32.530
2024/06/28,82.83,87.76,87.26,32.450
2024/07/01,84.70,88.21,86.57,32.546
2024/07/02,84.09,87.95,88.28,32.627
2024/07/03,85.19,88.55,88.25,32.632
2024/07/04,N/A,89.05,88.34,32.480
2024/07/05,84.44,88.49,88.66,32.475
2024/07/08,83.63,87.24,87.15,32.493
2024/07/09,82.78,86.26,86.48,32.540
2024/07/10,83.39,86.95,86.55,32.586
2024/07/11,83.92,87.36,86.49,32.506
2024/07/12,83.49,86.87,87.35,32.561
2024/07/15,83.22,86.18,86.42,32.572
2024/07/16,81.92,85.06,86.60,32.625
2024/07/17,84.16,86.67,85.76,32.616
2024/07/18,84.17,86.22,86.26,32.605
2024/07/19,81.43,84.08,85.19,32.730
2024/07/22,81.25,83.52,83.44,32.848
2024/07/23,78.24,82.64,82.20,32.838
2024/07/24,78.78,82.60,83.01,N/A
2024/07/25,79.43,83.37,82.58,N/A
2024/07/26,78.58,81.53,81.35,32.831
2024/07/29,77.27,80.34,80.94,32.870
2024/07/30,76.17,79.85,79.26,32.846
2024/07/31,79.36,82.29,81.39,32.836
2024/08/01,77.74,80.95,81.37,32.762
2024/08/02,74.99,78.56,78.35,32.817
2024/08/05,74.46,78.29,77.51,32.639
2024/08/06,74.60,76.90,76.62,32.688
2024/08/07,76.68,79.52,78.26,32.681
2024/08/08,77.64,80.07,80.76,32.593
2024/08/09,78.28,N/A,81.07,32.440
2024/08/12,81.45,83.00,83.06,32.460
2024/08/13,79.81,82.37,82.51,32.470
2024/08/14,78.47,81.21,82.15,32.304
2024/08/15,79.66,82.25,83.09,32.301
2024/08/16,78.05,80.87,81.56,32.288
2024/08/19,75.82,78.67,81.09,32.030
2024/08/20,75.27,78.51,78.85,31.993
2024/08/21,72.76,77.36,78.77,31.938
2024/08/22,73.72,78.53,78.80,31.966
2024/08/23,75.82,80.34,80.34,31.976
2024/08/26,78.40,82.56,N/A,31.817
2024/08/27,76.50,81.24,81.51,31.930
2024/08/28,75.49,80.01,80.04,31.950
2024/08/29,76.90,81.68,81.55,31.903
2024/08/30,74.52,80.38,80.20,31.940
2024/09/02,N/A,78.07,77.82,32.021
2024/09/03,71.28,74.56,76.46,32.062
2024/09/04,70.11,73.83,74.67,32.188
2024/09/05,70.09,73.74,74.47,32.071
2024/09/06,68.58,72.24,72.82,31.926
2024/09/09,69.65,72.64,72.37,32.090
2024/09/10,66.73,70.29,70.34,32.173
2024/09/11,68.25,71.40,70.31,32.105
2024/09/12,69.89,72.95,73.81,32.128
2024/09/13,69.59,73.10,73.68,31.992
2024/09/16,71.10,73.86,73.96,31.910
2024/09/17,72.16,74.82,74.55,N/A
2024/09/18,71.87,74.39,74.52,31.940
2024/09/19,72.86,75.81,75.93,31.932
2024/09/20,72.72,75.89,75.96,31.962
2024/09/23,71.33,75.13,74.95,32.033
2024/09/24,72.34,76.05,75.29,31.966
2024/09/25,70.42,74.47,75.40,31.840
2024/09/26,68.28,71.85,73.06,31.845
2024/09/27,68.72,73.29,71.63,31.688
2024/09/30,68.75,72.64,72.35,31.651
2024/10/01,70.41,74.77,75.30,31.837
2024/10/02,70.74,75.26,74.86,N/A
2024/10/03,74.33,78.49,77.57,N/A
2024/10/04,74.93,78.98,79.32,31.963
2024/10/07,77.76,81.58,81.74,32.131
2024/10/08,74.26,78.45,78.19,32.220
2024/10/09,73.85,77.88,77.06,32.160
2024/10/10,76.46,79.95,79.45,N/A
2024/10/11,76.11,79.72,80.27,32.182
2024/10/14,N/A,76.25,78.47,32.168
2024/10/15,71.22,75.38,73.68,32.180
2024/10/16,70.97,75.33,73.65,32.175
2024/10/17,71.26,75.31,74.37,32.168
2024/10/18,69.78,73.86,72.75,32.083
2024/10/21,71.16,74.73,73.29,31.985
2024/10/22,72.84,76.48,75.59,32.058
2024/10/23,71.37,75.96,74.86,32.088
2024/10/24,70.58,75.32,74.27,32.085
2024/10/25,72.02,76.59,75.62,32.071
2024/10/28,67.65,72.27,71.87,32.090
2024/10/29,67.48,71.68,71.09,32.101
2024/10/30,68.91,73.40,73.21,32.031
2024/10/31,69.58,74.81,73.25,N/A
2024/11/01,69.81,73.69,73.63,31.968
2024/11/04,71.83,76.05,74.89,31.961
2024/11/05,72.26,76.44,76.98,31.968
2024/11/06,71.98,76.00,76.52,32.175
2024/11/07,72.69,76.31,75.73,32.240
2024/11/08,70.69,74.56,74.04,32.115
2024/11/11,N/A,72.38,72.19,32.251
2024/11/12,68.43,72.26,72.56,32.425
2024/11/13,68.76,72.54,72.86,32.450
2024/11/14,68.99,72.98,73.39,32.546
2024/11/15,67.33,71.59,73.45,32.466
2024/11/18,69.46,73.59,74.35,32.531
2024/11/19,69.75,73.76,74.32,32.420
2024/11/20,69.25,73.62,74.33,32.494
2024/11/21,70.39,75.10,75.09,32.545
2024/11/22,71.68,76.06,76.10,32.593
2024/11/25,69.41,73.89,74.27,32.485
2024/11/26,69.05,73.68,74.56,32.510
2024/11/27,69.03,73.80,73.91,32.534
2024/11/28,N/A,74.04,73.92,32.521
2024/11/29,68.26,73.77,74.16,32.457
2024/12/02,68.35,72.60,72.81,32.598
2024/12/03,70.15,74.36,74.80,32.536
2024/12/04,68.81,73.27,74.68,32.448
2024/12/05,68.58,72.91,73.78,32.438
2024/12/06,67.03,72.27,72.77,32.408
2024/12/09,68.65,72.55,73.73,32.470
2024/12/10,68.85,72.69,73.64,32.440
2024/12/11,70.57,74.35,74.38,32.510
2024/12/12,70.25,74.22,73.52,32.488
2024/12/13,71.54,75.16,74.89,32.508
